id|nomi|kategoriya|narxi|soni|muddat
1|Spicy Italian Sausage|Food - Meat & Seafood|4.99|684125.58|18.04.2027
2|Pesto Pasta Salad|Food - Prepared Foods|4.99|608117.9|24.06.2026
3|Wireless Gaming Headset|Gaming|89.99|335098.99|14.04.2027
4|Cotton Basic Tank|Clothing - Tops|14.99|213828.08|16.06.2027
5|Sriracha Sauce|Food - Condiments|3.19|420674.63|12.09.2026
6|Vegetable Sushi Rolls|Food - Prepared Meals|5.99|965908.94|17.05.2027
7|Kids' Trampoline|Toys|139.99|550427.14|28.02.2026
8|Roasted Sweet Corn|Food - Frozen|1.99|126282.87|17.12.2026
9|Classic Cheeseburger Mix|Food - Meats|5.49|208285.01|20.02.2027
10|Crafting Kit|Art Supplies|29.99|801996.67|18.06.2027
11|Honey Lemon Tea|Food - Beverages|3.29|430492.25|09.03.2027
12|Handmade Leather Journal|Books|39.99|756199.49|29.09.2026
13|Maple Cinnamon Almonds|Food - Nuts|4.29|960170.74|28.05.2026
14|Chocolate Covered Pretzels|Food - Snacks|3.29|777739.53|21.03.2027
15|Portable Bluetooth Speaker|Audio|49.99|475928.83|12.07.2026
16|Ricotta Cheese|Food - Dairy|4.99|967055.24|09.05.2027
17|Smartphone Gimbal Stabilizer|Photography|89.99|473810.95|13.12.2025
18|Spaghetti Sauce|Food - Canned Goods|2.99|90150.75|26.10.2025
19|Maple Pecan Granola|Food - Breakfast|4.49|85187.38|15.10.2026
20|Motorcycle Phone Mount|Automotive|14.99|171345.43|13.11.2025
21|Lightweight Backpacking Tent|Outdoor|129.99|903064.87|01.11.2026
22|Sweet Potato Fries|Food - Frozen Foods|3.99|647134.71|21.05.2026
23|Maple Pecan Pancake Mix|Food - Breakfast|4.99|864092.86|03.07.2026
24|Peach Mango Smoothie Mix|Food - Beverages|5.99|96560.6|26.04.2026
25|Sweetened Condensed Milk|Food - Baking Goods|1.89|129350.66|24.01.2026
26|Bluetooth Shower Speaker|Audio|24.99|371433.01|28.09.2026
27|Blueberry Chia Jam|Food - Spreads|4.99|298798.98|31.10.2026
28|Maple Bacon Potato Chips|Food - Snacks|2.89|472487.24|01.08.2026
29|Sweet Corn Fritters|Food - Frozen|4.49|231137.16|28.03.2027
30|Portable Phone Charger|Accessories|29.99|681275.04|19.11.2026
31|Whole Grain Hamburger Buns|Food - Bakery|2.69|786025.8|23.12.2025
32|Peach Mango Smoothie|Food - Beverages|3.49|399985.27|08.01.2027
33|DIY Lip Balm Kit|Crafts|22.99|667758.87|13.04.2027
34|Homestyle Beef Stew|Food - Canned Soups|7.99|360607.98|12.09.2026
35|Honey Garlic Sauce|Food - Sauces|2.59|832641.43|04.05.2027
36|Sweet and Sour Sauce|Food - Condiments|2.79|98253.34|07.10.2027
37|Sculpting Kit|Art Supplies|25.99|298621.01|02.12.2025
38|Honey Roasted Almonds|Food - Snacks|4.99|603019.14|12.02.2027
39|Foam Roller for Muscle Recovery|Fitness|29.99|234305.06|13.09.2027
40|Spinach and Feta Stuffed Chicken Breast|Food - Meat|8.99|968395.98|13.10.2025
41|Lentils|Food - Grains|2.99|569906.59|03.04.2027
42|Zucchini|Food - Produce|0.79|689829.5|20.03.2027
43|Picnic Blanket|Outdoor|29.99|947113.28|17.03.2026
44|Non-Toxic Concrete Sealer|Home Improvement|39.99|567317.92|19.08.2026
45|Greek Yogurt Parfait|Food - Dairy|4.49|142520.7|15.01.2027
46|Red Lentil Pasta|Food - Pasta|3.99|272217.54|09.07.2026
47|LED Desk Lamp|Home|35|416368.31|24.09.2027
48|Sliced Bell Peppers|Food - Fresh Produce|3.99|87352.31|22.07.2027
49|Stylish Combat Boots|Clothing - Shoes|99.99|822354.59|03.12.2025
50|Elderberry Syrup|Food - Supplements|11.99|712289.13|23.11.2026
51|Manual Coffee Grinder|Kitchen|22.99|888909.19|02.04.2026
52|Folding Pocket Knife|Tools|24.99|390707.03|31.08.2027
53|Vegetable Medley|Food - Produce|2.99|483013.48|06.01.2027
54|Vanilla Protein Powder|Food - Health/Protein|24.99|978742.08|23.02.2026
55|Luxury Rolling Makeup Case|Beauty|99.99|966430.2|11.04.2027
56|Brazil Nuts|Food - Nuts|10.99|307441.99|30.06.2027
57|Beard Grooming Kit|Grooming|34.99|907738.84|21.09.2027
58|Grapes (red)|Food - Produce|3.49|24162.34|26.01.2026
59|Nutty Granola Clusters|Food - Cereal|2.49|299056.45|22.02.2027
60|Flavored Instant Oatmeal|Food - Breakfast|2.99|340777.27|21.10.2025
61|Self-Adhesive Wallpaper|Home|34.99|868903.49|17.10.2025
62|Creamy Garlic Dressing|Food - Condiments|3.99|957434.79|10.12.2026
63|Over-The-Door Shoe Organizer|Home|25.99|773939.76|20.02.2026
64|Coconut Yogurt|Food - Dairy Alternatives|3.89|876216.17|13.03.2027
65|Sesame Noodles|Food - Grab-and-Go|5.99|917794.03|24.02.2027
66|Organic Tomato Soup|Food - Canned Goods|3.79|214657.39|03.05.2027
67|Travel Hair Straightener|Beauty|29.99|874148.25|22.01.2027
68|Roasted Chickpeas|Food - Snacks|2.99|171589.15|03.07.2027
69|Black Bean Salsa|Food - Snacks|3.49|735173.12|24.04.2027
70|Chickpea Snack Mix|Food - Snacks|3.49|208947.81|01.07.2027
71|Electric Heating Pad|Health|20.99|808599.98|30.01.2026
72|Electric Rice Cooker with Steamer|Kitchen|49.99|557725.32|18.06.2026
73|Ginger Tea|Food - Beverages|4.99|895107.73|12.10.2026
74|Trainers with Mesh Inserts|Clothing - Footwear|69.99|938977.26|13.07.2026
75|Maxi Wrap Dress|Clothing - Dresses|49.99|411534.79|10.10.2026
76|Multifunctional Baby Bottle Warmer|Baby|39.99|693580.3|29.01.2026
77|Mini Electric Kettle|Kitchen|29.99|604973.81|11.04.2026
78|Children's Science Experiment Lab Kit|Toys|29.99|824930.38|26.07.2026
79|Organic Green Lentils|Food - Grocery|3.99|540364.21|22.03.2027
80|DIY Candle Kit|Crafts|34.99|292100.82|16.10.2025
81|Tofu|Food - Meat Alternatives|2.49|733016.46|19.03.2026
82|Coffee Subscription Service|Food|29.99|625985.78|11.01.2026
83|Honey Garlic Sauce|Food - Sauces|2.59|684445.98|05.01.2026
84|Smart Light Bulbs|Smart Home|34.99|952580.51|30.10.2025
85|Italian Meatballs|Food - Meat|8.49|700967.87|12.02.2027
86|Mini Pretzels|Food - Snacks|2.99|840450.28|08.12.2026
87|Men's Waterproof Hiking Boots|Footwear|89.99|654421.09|02.07.2026
88|Scented Soy Candles|Home|19.99|584934.52|04.02.2027
89|Organic Coconut Flakes|Food - Baking|3.49|920961.88|28.10.2025
90|Graphic Sweatshirt|Clothing - Tops|34.99|515306.04|18.07.2026
91|Cat Tree with Scratching Posts|Pets|79.99|811674.14|30.06.2026
92|Portable UV Sterilizer|Health|19.99|675272.16|08.05.2027
93|Buttermilk Pancakes|Food - Breakfast|3.99|43228.39|18.06.2027
94|Herb Seasoned Rice|Food - Sides|2.99|91655.45|01.09.2026
95|Coconut Water|Food - Beverages|2.49|633757.48|16.10.2026
96|Bock Beer Mustard|Food - Condiments|2.29|48433.84|17.06.2026
97|Halloween Decoration Set|Home|29.99|180624.84|10.02.2026
98|Non-Toxic Crayons for Kids|Toys|10.99|85968.48|29.07.2027
99|Handmade Leather Journal|Books|39.99|897272.18|25.07.2027
100|Classic BBQ Sauce|Food - Condiments|2.79|104474.52|11.03.2027
